{
  "day": 8,
  "dir": "challenges/2022/08-treetopTreeHouse",
  "implementations": {
    "Nim": {
      "part.1.avg": 0.006382409829000001,
      "part.1.max": 0.026628604,
      "part.1.min": 0.004007148,
      "part.2.avg": 0.007344551142000002,
      "part.2.max": 0.034047325,
      "part.2.min": 0.004595712
    },
    "Python": {
      "part.1.avg": 0.0385476336479187,
      "part.1.max": 0.09098124504089355,
      "part.1.min": 0.025599002838134766,
      "part.2.avg": 0.04808542013168335,
      "part.2.max": 0.1426246166229248,
      "part.2.min": 0.031610965728759766
    }
  },
  "numRuns": 1000
}