{
  "day": 1,
  "dir": "challenges/2022/01-calorieCounting",
  "implementations": {
    "Nim": {
      "part.1.avg": 0.001049538246,
      "part.1.max": 0.010881062,
      "part.1.min": 0.000266989,
      "part.2.avg": 0.0011080301140000003,
      "part.2.max": 0.003602068,
      "part.2.min": 0.000278025
    },
    "Python": {
      "part.1.avg": 0.001036302089691162,
      "part.1.max": 0.0028290748596191406,
      "part.1.min": 0.00023937225341796875,
      "part.2.avg": 0.0011057097911834717,
      "part.2.max": 0.003584623336791992,
      "part.2.min": 0.0002548694610595703
    }
  },
  "numRuns": 1000
}