{
  "day": 2,
  "dir": "challenges/2022/02-rockPaperScissors",
  "implementations": {
    "Nim": {
      "part.1.avg": 0.0006056322499999992,
      "part.1.max": 0.002023021,
      "part.1.min": 0.000160608,
      "part.2.avg": 0.000544890418,
      "part.2.max": 0.002167248,
      "part.2.min": 0.000143214
    },
    "Python": {
      "part.1.avg": 0.005041266918182373,
      "part.1.max": 0.049498796463012695,
      "part.1.min": 0.001485586166381836,
      "part.2.avg": 0.002977017641067505,
      "part.2.max": 0.0347900390625,
      "part.2.min": 0.0008869171142578125
    }
  },
  "numRuns": 1000
}