{
  "day": 2,
  "dir": "challenges/2022/02-rockPaperScissors",
  "implementations": {
    "Python": {
      "part.1.avg": 0.004535415172576904,
      "part.1.max": 0.013599634170532227,
      "part.1.min": 0.0014605522155761719,
      "part.2.avg": 0.002712693929672241,
      "part.2.max": 0.009427785873413086,
      "part.2.min": 0.0008611679077148438
    }
  },
  "numRuns": 1000
}