{
  "day": 5,
  "dir": "challenges/2021/05-hydrothermalVenture",
  "implementations": {
    "Golang": {
      "part.1.avg": 0.053760980892,
      "part.1.max": 0.144833474,
      "part.1.min": 0.038262183,
      "part.2.avg": 0.08442973864,
      "part.2.max": 0.192854485,
      "part.2.min": 0.061950775
    },
    "Nim": {
      "part.1.avg": 0.014279042672000008,
      "part.1.max": 0.078472313,
      "part.1.min": 0.01031939,
      "part.2.avg": 0.021206030867999978,
      "part.2.max": 0.097470179,
      "part.2.min": 0.014612315
    },
    "Python": {
      "part.1.avg": 0.26107834911346434,
      "part.1.max": 0.8465554714202881,
      "part.1.min": 0.15942978858947754,
      "part.2.avg": 0.43654474210739136,
      "part.2.max": 1.4235708713531494,
      "part.2.min": 0.26850223541259766
    }
  },
  "numRuns": 500
}