{
  "day": 5,
  "dir": "challenges/2021/05-hydrothermalVenture",
  "implementations": {
    "Golang": {
      "part.1.avg": 0.058006218448,
      "part.1.max": 0.151431707,
      "part.1.min": 0.037180026,
      "part.2.avg": 0.09082534330599998,
      "part.2.max": 0.19443953,
      "part.2.min": 0.059743622
    },
    "Python": {
      "part.1.avg": 0.1921091618537903,
      "part.1.max": 0.41825366020202637,
      "part.1.min": 0.1481952667236328,
      "part.2.avg": 0.3223618712425232,
      "part.2.max": 0.6060440540313721,
      "part.2.min": 0.2495110034942627
    }
  },
  "numRuns": 500
}