{
  "day": 15,
  "dir": "challenges/2021/15-chiton",
  "implementations": {
    "Python": {
      "part.1.avg": 0.05848939180374146,
      "part.1.max": 0.22109389305114746,
      "part.1.min": 0.03475213050842285,
      "part.2.avg": 0.00003055143356323242,
      "part.2.max": 0.0002415180206298828,
      "part.2.min": 0.000008344650268554688
    }
  },
  "numRuns": 1000
}