{
  "day": 15,
  "dir": "challenges/2021/15-chiton",
  "implementations": {
    "Python": {
      "part.1.avg": 0.10024118185043335,
      "part.1.max": 0.26880645751953125,
      "part.1.min": 0.04713582992553711,
      "part.2.avg": 4.993094868659973,
      "part.2.max": 10.088721990585327,
      "part.2.min": 2.554753065109253
    }
  },
  "numRuns": 100
}