{
  "day": 16,
  "dir": "challenges/2021/16-packetDecoder",
  "implementations": {
    "Python": {
      "part.1.avg": 0.002915963888168335,
      "part.1.max": 0.011673688888549805,
      "part.1.min": 0.0016696453094482422,
      "part.2.avg": 0.0029851856231689453,
      "part.2.max": 0.019982337951660156,
      "part.2.min": 0.0017099380493164062
    }
  },
  "numRuns": 1000
}