{
  "day": 4,
  "dir": "challenges/2022/04-campCleanup",
  "implementations": {
    "Nim": {
      "part.1.avg": 0.0054562872569999974,
      "part.1.max": 0.021320901,
      "part.1.min": 0.002667073,
      "part.2.avg": 0.005487259290999989,
      "part.2.max": 0.019597329,
      "part.2.min": 0.002672798
    },
    "Python": {
      "part.1.avg": 0.0058808038234710695,
      "part.1.max": 0.022945165634155273,
      "part.1.min": 0.0029861927032470703,
      "part.2.avg": 0.0059101243019104,
      "part.2.max": 0.023639202117919922,
      "part.2.min": 0.002870798110961914
    }
  },
  "numRuns": 1000
}