{
  "day": 11,
  "dir": "challenges/2021/11-dumboOctopus",
  "implementations": {
    "Python": {
      "part.1.avg": 0.007964067935943604,
      "part.1.max": 0.022200822830200195,
      "part.1.min": 0.0058345794677734375,
      "part.2.avg": 0.03082272505760193,
      "part.2.max": 0.07726001739501953,
      "part.2.min": 0.023880720138549805
    }
  },
  "numRuns": 1000
}