{
  "day": 11,
  "dir": "challenges/2021/11-dumboOctopus",
  "implementations": {
    "Nim": {
      "part.1.avg": 0.002156735096000002,
      "part.1.max": 0.006734169,
      "part.1.min": 0.001474201,
      "part.2.avg": 0.008079303889999999,
      "part.2.max": 0.038707332,
      "part.2.min": 0.005537803
    },
    "Python": {
      "part.1.avg": 0.008022420167922973,
      "part.1.max": 0.022809743881225586,
      "part.1.min": 0.005808591842651367,
      "part.2.avg": 0.031094204664230348,
      "part.2.max": 0.08413910865783691,
      "part.2.min": 0.023587465286254883
    }
  },
  "numRuns": 1000
}