{
  "day": 9,
  "dir": "challenges/2022/09-ropeBridge",
  "implementations": {
    "Nim": {
      "part.1.avg": 0.03409326195600002,
      "part.1.max": 0.065706291,
      "part.1.min": 0.027704718,
      "part.2.avg": 0.005110148128000001,
      "part.2.max": 0.01591038,
      "part.2.min": 0.00411792
    },
    "Python": {
      "part.1.avg": 0.40838007831573486,
      "part.1.max": 0.5554301738739014,
      "part.1.min": 0.3740715980529785,
      "part.2.avg": 0.08457976627349853,
      "part.2.max": 0.13773822784423828,
      "part.2.min": 0.07479453086853027
    }
  },
  "numRuns": 250
}