{
  "day": 9,
  "dir": "challenges/2022/09-ropeBridge",
  "implementations": {
    "Nim": {
      "part.1.avg": 0.002931661109000006,
      "part.1.max": 0.007730762,
      "part.1.min": 0.000887947,
      "part.2.avg": 0.004008995328999999,
      "part.2.max": 0.011666485,
      "part.2.min": 0.001218443
    },
    "Python": {
      "part.1.avg": 0.015390190362930298,
      "part.1.max": 0.03382277488708496,
      "part.1.min": 0.010709762573242188,
      "part.2.avg": 0.0444308967590332,
      "part.2.max": 0.14687561988830566,
      "part.2.min": 0.03348994255065918
    }
  },
  "numRuns": 1000
}