{
  "day": 5,
  "dir": "challenges/2022/05-supplyStacks",
  "implementations": {
    "Nim": {
      "part.1.avg": 0.0011273949949999996,
      "part.1.max": 0.006086964,
      "part.1.min": 0.000284679,
      "part.2.avg": 0.0012850724640000013,
      "part.2.max": 0.006825169,
      "part.2.min": 0.000331679
    },
    "Python": {
      "part.1.avg": 0.007537457227706909,
      "part.1.max": 0.030069828033447266,
      "part.1.min": 0.005114555358886719,
      "part.2.avg": 0.007375564098358154,
      "part.2.max": 0.0339961051940918,
      "part.2.min": 0.0051727294921875
    }
  },
  "numRuns": 1000
}