{
  "day": 25,
  "dir": "challenges/2021/25-seaCucumber",
  "implementations": {
    "Python": {
      "part.1.avg": 1.2896365237236023,
      "part.1.max": 1.4006781578063965,
      "part.1.min": 1.2583773136138916,
      "part.2.avg": 0.000003247261047363281,
      "part.2.max": 0.000013828277587890625,
      "part.2.min": 0.0000016689300537109375
    }
  },
  "numRuns": 100
}