{
  "day": 7,
  "dir": "challenges/2022/07-noSpaceLeftOnDevice",
  "implementations": {
    "Nim": {
      "part.1.avg": 0.005115992285999994,
      "part.1.max": 0.020854849,
      "part.1.min": 0.002606261,
      "part.2.avg": 0.0051005765810000015,
      "part.2.max": 0.018048126,
      "part.2.min": 0.002556105
    },
    "Python": {
      "part.1.avg": 0.00848755979537964,
      "part.1.max": 0.0318598747253418,
      "part.1.min": 0.0057828426361083984,
      "part.2.avg": 0.008544703245162964,
      "part.2.max": 0.03149008750915527,
      "part.2.min": 0.005964994430541992
    }
  },
  "numRuns": 1000
}