{
  "day": 22,
  "dir": "challenges/2022/22-monkeyMap",
  "implementations": {
    "Python": {
      "part.1.avg": 0.3011732864379883,
      "part.1.max": 0.4757208824157715,
      "part.1.min": 0.23815560340881348,
      "part.2.avg": 0.07583048105239869,
      "part.2.max": 0.1293351650238037,
      "part.2.min": 0.062180280685424805
    }
  },
  "numRuns": 100
}