{
  "day": 1,
  "dir": "challenges/2021/01-sonarSweep",
  "implementations": {
    "Golang": {
      "part.1.avg": 0.0002590258829999999,
      "part.1.max": 0.01844078,
      "part.1.min": 0.000056368,
      "part.2.avg": 0.00041728208699999965,
      "part.2.max": 0.025912989,
      "part.2.min": 0.000067722
    },
    "Nim": {
      "part.1.avg": 0.001190464674,
      "part.1.max": 0.012474971,
      "part.1.min": 0.000310218,
      "part.2.avg": 0.0012603544370000013,
      "part.2.max": 0.019855291,
      "part.2.min": 0.000310509
    },
    "Python": {
      "part.1.avg": 0.0013292949199676513,
      "part.1.max": 0.0059168338775634766,
      "part.1.min": 0.0004954338073730469,
      "part.2.avg": 0.0022176058292388916,
      "part.2.max": 0.016942262649536133,
      "part.2.min": 0.0008616447448730469
    }
  },
  "numRuns": 1000
}