{
  "day": 1,
  "dir": "challenges/2021/01-sonarSweep",
  "implementations": {
    "Golang": {
      "part.1.avg": 0.000072671946,
      "part.1.max": 0.00042563,
      "part.1.min": 0.000042627,
      "part.2.avg": 0.00009384220400000007,
      "part.2.max": 0.001286097,
      "part.2.min": 0.000047986
    },
    "Nim": {
      "part.1.avg": 0.000309820612,
      "part.1.max": 0.000891548,
      "part.1.min": 0.000217958,
      "part.2.avg": 0.006001787626,
      "part.2.max": 0.015706643,
      "part.2.min": 0.004353526
    },
    "Python": {
      "part.1.avg": 0.0004916372299194336,
      "part.1.max": 0.0012853145599365234,
      "part.1.min": 0.0003917217254638672,
      "part.2.avg": 0.0008194093704223632,
      "part.2.max": 0.001768350601196289,
      "part.2.min": 0.0006651878356933594
    }
  },
  "numRuns": 500
}