{
  "day": 3,
  "dir": "challenges/2022/03-rucksackReorganization",
  "implementations": {
    "Nim": {
      "part.1.avg": 0.001724590531000001,
      "part.1.max": 0.004034478,
      "part.1.min": 0.000354275,
      "part.2.avg": 0.001641240340999998,
      "part.2.max": 0.003942411,
      "part.2.min": 0.000368459
    },
    "Python": {
      "part.1.avg": 0.0012067508697509765,
      "part.1.max": 0.0058939456939697266,
      "part.1.min": 0.0003886222839355469,
      "part.2.avg": 0.000901190996170044,
      "part.2.max": 0.0058858394622802734,
      "part.2.min": 0.0002906322479248047
    }
  },
  "numRuns": 1000
}