{
  "day": 4,
  "dir": "challenges/2021/04-giantSquid",
  "implementations": {
    "Python": {
      "part.1.avg": 0.00824344539642334,
      "part.1.max": 0.020010709762573242,
      "part.1.min": 0.006531953811645508,
      "part.2.avg": 0.01698760747909546,
      "part.2.max": 0.039929866790771484,
      "part.2.min": 0.013757705688476562
    }
  },
  "numRuns": 500
}