{
  "day": 4,
  "dir": "challenges/2021/04-giantSquid",
  "implementations": {
    "Python": {
      "part.1.avg": 0.017204525232315065,
      "part.1.max": 0.09171009063720703,
      "part.1.min": 0.0072062015533447266,
      "part.2.avg": 0.0352356481552124,
      "part.2.max": 0.13428831100463867,
      "part.2.min": 0.015462875366210938
    }
  },
  "numRuns": 1000
}