{
  "day": 6,
  "dir": "challenges/2021/06-lanternfish",
  "implementations": {
    "Python": {
      "part.1.avg": 0.00020124888420104982,
      "part.1.max": 0.0004673004150390625,
      "part.1.min": 0.0001266002655029297,
      "part.2.avg": 0.0004714465141296387,
      "part.2.max": 0.0010838508605957031,
      "part.2.min": 0.00030684471130371094
    }
  },
  "numRuns": 1000
}