{
  "day": 8,
  "dir": "challenges/2021/08-seventSegmentSearch",
  "implementations": {
    "Golang": {
      "part.1.avg": 0.0011630151239999996,
      "part.1.max": 0.002068547,
      "part.1.min": 0.000927415,
      "part.2.avg": 0.326909703884,
      "part.2.max": 0.398817152,
      "part.2.min": 0.296369163
    },
    "Python": {
      "part.1.avg": 0.0018209447860717772,
      "part.1.max": 0.0030808448791503906,
      "part.1.min": 0.0014312267303466797,
      "part.2.avg": 0.7365821332931518,
      "part.2.max": 0.8698751926422119,
      "part.2.min": 0.6725485324859619
    }
  },
  "numRuns": 250
}