{
  "day": 21,
  "dir": "challenges/2021/21-diracDice",
  "implementations": {
    "Python": {
      "part.1.avg": 0.0007445704936981201,
      "part.1.max": 0.00394892692565918,
      "part.1.min": 0.0004050731658935547,
      "part.2.avg": 0.000006680965423583984,
      "part.2.max": 0.000054836273193359375,
      "part.2.min": 0.0000011920928955078125
    }
  },
  "numRuns": 1000
}