{
  "day": 20,
  "dir": "challenges/2021/20-trenchMap",
  "implementations": {
    "Nim": {
      "part.1.avg": 0.019850478899999996,
      "part.1.max": 0.048351829,
      "part.1.min": 0.008844087,
      "part.2.avg": 1.18194288576,
      "part.2.max": 2.369594795,
      "part.2.min": 0.635431931
    },
    "Python": {
      "part.1.avg": 0.18487148761749267,
      "part.1.max": 0.3699030876159668,
      "part.1.min": 0.09880661964416504,
      "part.2.avg": 10.631744318008423,
      "part.2.max": 18.34923243522644,
      "part.2.min": 5.976168155670166
    }
  },
  "numRuns": 50
}