{
  "day": 13,
  "dir": "challenges/2021/13-transparentOrigami",
  "implementations": {
    "Nim": {
      "part.1.avg": 0.0015621956039999975,
      "part.1.max": 0.003880651,
      "part.1.min": 0.00031427,
      "part.2.avg": 0.002502785954,
      "part.2.max": 0.005894322,
      "part.2.min": 0.000524984
    },
    "Python": {
      "part.1.avg": 0.0020371160507202148,
      "part.1.max": 0.007749795913696289,
      "part.1.min": 0.0005323886871337891,
      "part.2.avg": 0.005764168262481689,
      "part.2.max": 0.01631307601928711,
      "part.2.min": 0.0014383792877197266
    }
  },
  "numRuns": 1000
}