{
  "day": 3,
  "dir": "challenges/2021/03-binaryDiagnostic",
  "implementations": {
    "Nim": {
      "part.1.avg": 0.00021173980600000034,
      "part.1.max": 0.000570226,
      "part.1.min": 0.000157414,
      "part.2.avg": 0.00018946362799999994,
      "part.2.max": 0.000354414,
      "part.2.min": 0.000147001
    },
    "Python": {
      "part.1.avg": 0.0023609061241149903,
      "part.1.max": 0.0048906803131103516,
      "part.1.min": 0.0017006397247314453,
      "part.2.avg": 0.0017261476516723633,
      "part.2.max": 0.003656625747680664,
      "part.2.min": 0.0012204647064208984
    }
  },
  "numRuns": 500
}