{
  "day": 3,
  "dir": "challenges/2021/03-binaryDiagnostic",
  "implementations": {
    "Nim": {
      "part.1.avg": 0.0005255849699999996,
      "part.1.max": 0.003743778,
      "part.1.min": 0.000228979,
      "part.2.avg": 0.0005072320390000003,
      "part.2.max": 0.002042921,
      "part.2.min": 0.000207734
    },
    "Python": {
      "part.1.avg": 0.004413741111755371,
      "part.1.max": 0.012727022171020508,
      "part.1.min": 0.0021619796752929688,
      "part.2.avg": 0.0034146361351013186,
      "part.2.max": 0.0129547119140625,
      "part.2.min": 0.0016372203826904297
    }
  },
  "numRuns": 1000
}