{
  "day": 10,
  "dir": "challenges/2021/10-syntaxScoring",
  "implementations": {
    "Python": {
      "part.1.avg": 0.0013953149318695068,
      "part.1.max": 0.003077268600463867,
      "part.1.min": 0.0008635520935058594,
      "part.2.avg": 0.0033985512256622316,
      "part.2.max": 0.0085296630859375,
      "part.2.min": 0.0021257400512695312
    }
  },
  "numRuns": 1000
}