{
  "day": 10,
  "dir": "challenges/2021/10-syntaxScoring",
  "implementations": {
    "Python": {
      "part.1.avg": 0.001248321533203125,
      "part.1.max": 0.004151821136474609,
      "part.1.min": 0.0008554458618164062,
      "part.2.avg": 0.0030763609409332274,
      "part.2.max": 0.028047800064086914,
      "part.2.min": 0.002079486846923828
    }
  },
  "numRuns": 1000
}