{
  "day": 6,
  "dir": "challenges/2022/06-tuningTrouble",
  "implementations": {
    "Nim": {
      "part.1.avg": 0.0008974078990000008,
      "part.1.max": 0.001647554,
      "part.1.min": 0.000185945,
      "part.2.avg": 0.004843347521000009,
      "part.2.max": 0.007982272,
      "part.2.min": 0.000947054
    },
    "Python": {
      "part.1.avg": 0.0018942492008209228,
      "part.1.max": 0.0035827159881591797,
      "part.1.min": 0.0003771781921386719,
      "part.2.avg": 0.008033792734146119,
      "part.2.max": 0.012754201889038086,
      "part.2.min": 0.0016443729400634766
    }
  },
  "numRuns": 1000
}