{
  "day": 6,
  "dir": "challenges/2022/06-tuningTrouble",
  "implementations": {
    "Nim": {
      "part.1.avg": 0.0007432498970000007,
      "part.1.max": 0.002544188,
      "part.1.min": 0.000169445,
      "part.2.avg": 0.003928926078999996,
      "part.2.max": 0.008833809,
      "part.2.min": 0.000939222
    },
    "Python": {
      "part.1.avg": 0.0014611027240753174,
      "part.1.max": 0.0042591094970703125,
      "part.1.min": 0.0003712177276611328,
      "part.2.avg": 0.006137934684753418,
      "part.2.max": 0.014965057373046875,
      "part.2.min": 0.0015811920166015625
    }
  },
  "numRuns": 1000
}