{
  "day": 2,
  "dir": "challenges/2021/02-dive",
  "implementations": {
    "Golang": {
      "part.1.avg": 0.00043523502199999955,
      "part.1.max": 0.008638925,
      "part.1.min": 0.000157245,
      "part.2.avg": 0.0004556505770000001,
      "part.2.max": 0.014578633,
      "part.2.min": 0.000159105
    },
    "Python": {
      "part.1.avg": 0.002370833396911621,
      "part.1.max": 0.024700403213500977,
      "part.1.min": 0.0007102489471435547,
      "part.2.avg": 0.002402855157852173,
      "part.2.max": 0.019526958465576172,
      "part.2.min": 0.0007097721099853516
    }
  },
  "numRuns": 1000
}