{
  "day": 2,
  "dir": "challenges/2021/02-dive",
  "implementations": {
    "Golang": {
      "part.1.avg": 0.0001582621379999999,
      "part.1.max": 0.001349068,
      "part.1.min": 0.000111979,
      "part.2.avg": 0.00015449909000000007,
      "part.2.max": 0.000617994,
      "part.2.min": 0.000109917
    },
    "Python": {
      "part.1.avg": 0.000686305046081543,
      "part.1.max": 0.003078460693359375,
      "part.1.min": 0.000522613525390625,
      "part.2.avg": 0.0007208962440490722,
      "part.2.max": 0.00462651252746582,
      "part.2.min": 0.0005438327789306641
    }
  },
  "numRuns": 500
}